affected_slug,missing_topic,source,recommended_section,suggested_text,internal_link_targets,priority
relays,signer,term-to-page internal link map,first natural mention in body copy,Link the first meaningful mention of signer to /nostr/nip-07-signers/ and add one explanatory sentence where needed.,nip-07-signers,P1
nip-07-signers,event,term-to-page internal link map,first natural mention in body copy,Link the first meaningful mention of event to /nostr/events-and-kinds/ and add one explanatory sentence where needed.,events-and-kinds,P2
nip-07-signers,zap,term-to-page internal link map,first natural mention in body copy,Link the first meaningful mention of zap to /nostr/nip-57-zaps-lightning/ and add one explanatory sentence where needed.,nip-57-zaps-lightning,P2
nip-23-long-form,zap,term-to-page internal link map,first natural mention in body copy,Link the first meaningful mention of zap to /nostr/nip-57-zaps-lightning/ and add one explanatory sentence where needed.,nip-57-zaps-lightning,P2
nip-42-relay-auth,zap,term-to-page internal link map,first natural mention in body copy,Link the first meaningful mention of zap to /nostr/nip-57-zaps-lightning/ and add one explanatory sentence where needed.,nip-57-zaps-lightning,P1
nip-44-encryption,zap,term-to-page internal link map,first natural mention in body copy,Link the first meaningful mention of zap to /nostr/nip-57-zaps-lightning/ and add one explanatory sentence where needed.,nip-57-zaps-lightning,P1
nip-46-remote-signing,event,term-to-page internal link map,first natural mention in body copy,Link the first meaningful mention of event to /nostr/events-and-kinds/ and add one explanatory sentence where needed.,events-and-kinds,P1
nip-46-remote-signing,zap,term-to-page internal link map,first natural mention in body copy,Link the first meaningful mention of zap to /nostr/nip-57-zaps-lightning/ and add one explanatory sentence where needed.,nip-57-zaps-lightning,P1
nip-47-wallet-connect,event,term-to-page internal link map,first natural mention in body copy,Link the first meaningful mention of event to /nostr/events-and-kinds/ and add one explanatory sentence where needed.,events-and-kinds,P1
nip-57-zaps-lightning,event,term-to-page internal link map,first natural mention in body copy,Link the first meaningful mention of event to /nostr/events-and-kinds/ and add one explanatory sentence where needed.,events-and-kinds,P1
nip-58-badges,event,term-to-page internal link map,first natural mention in body copy,Link the first meaningful mention of event to /nostr/events-and-kinds/ and add one explanatory sentence where needed.,events-and-kinds,P2
nip-58-badges,zap,term-to-page internal link map,first natural mention in body copy,Link the first meaningful mention of zap to /nostr/nip-57-zaps-lightning/ and add one explanatory sentence where needed.,nip-57-zaps-lightning,P2
nip-65-relay-list,zap,term-to-page internal link map,first natural mention in body copy,Link the first meaningful mention of zap to /nostr/nip-57-zaps-lightning/ and add one explanatory sentence where needed.,nip-57-zaps-lightning,P1
nip-98-http-auth,event,term-to-page internal link map,first natural mention in body copy,Link the first meaningful mention of event to /nostr/events-and-kinds/ and add one explanatory sentence where needed.,events-and-kinds,P1
nip-98-http-auth,zap,term-to-page internal link map,first natural mention in body copy,Link the first meaningful mention of zap to /nostr/nip-57-zaps-lightning/ and add one explanatory sentence where needed.,nip-57-zaps-lightning,P1
apps,event,term-to-page internal link map,first natural mention in body copy,Link the first meaningful mention of event to /nostr/events-and-kinds/ and add one explanatory sentence where needed.,events-and-kinds,P2
moderation-discovery,signer,term-to-page internal link map,first natural mention in body copy,Link the first meaningful mention of signer to /nostr/nip-07-signers/ and add one explanatory sentence where needed.,nip-07-signers,P1
nostr-vs-mastodon,signer,term-to-page internal link map,first natural mention in body copy,Link the first meaningful mention of signer to /nostr/nip-07-signers/ and add one explanatory sentence where needed.,nip-07-signers,P2
creators,signer,term-to-page internal link map,first natural mention in body copy,Link the first meaningful mention of signer to /nostr/nip-07-signers/ and add one explanatory sentence where needed.,nip-07-signers,P2
music-video-media,signer,term-to-page internal link map,first natural mention in body copy,Link the first meaningful mention of signer to /nostr/nip-07-signers/ and add one explanatory sentence where needed.,nip-07-signers,P2
lifestyle-culture,signer,term-to-page internal link map,first natural mention in body copy,Link the first meaningful mention of signer to /nostr/nip-07-signers/ and add one explanatory sentence where needed.,nip-07-signers,P2
events,signer,term-to-page internal link map,first natural mention in body copy,Link the first meaningful mention of signer to /nostr/nip-07-signers/ and add one explanatory sentence where needed.,nip-07-signers,P2
jack-dorsey,signer,term-to-page internal link map,first natural mention in body copy,Link the first meaningful mention of signer to /nostr/nip-07-signers/ and add one explanatory sentence where needed.,nip-07-signers,P2
nostr-and-bitcoin,signer,term-to-page internal link map,first natural mention in body copy,Link the first meaningful mention of signer to /nostr/nip-07-signers/ and add one explanatory sentence where needed.,nip-07-signers,P1
videos,signer,term-to-page internal link map,first natural mention in body copy,Link the first meaningful mention of signer to /nostr/nip-07-signers/ and add one explanatory sentence where needed.,nip-07-signers,P2
nostr-media-article-video-archive,Blossom,term-to-page internal link map,first natural mention in body copy,Link the first meaningful mention of Blossom to /nostr/deep-dives/blossom-servers-and-relays/ and add one explanatory sentence where needed.,deep-dives/blossom-servers-and-relays,P1
nostr-media-article-video-archive,Cashu,term-to-page internal link map,first natural mention in body copy,Link the first meaningful mention of Cashu to /nostr/deep-dives/safebox-sovereign-wallet-records/ and add one explanatory sentence where needed.,deep-dives/safebox-sovereign-wallet-records,P1
nostr-media-article-video-archive,Safebox,term-to-page internal link map,first natural mention in body copy,Link the first meaningful mention of Safebox to /nostr/apps/safebox/ and add one explanatory sentence where needed.,apps/safebox,P1
nostr-and-crays,signer,term-to-page internal link map,first natural mention in body copy,Link the first meaningful mention of signer to /nostr/nip-07-signers/ and add one explanatory sentence where needed.,nip-07-signers,P2
awards,signer,term-to-page internal link map,first natural mention in body copy,Link the first meaningful mention of signer to /nostr/nip-07-signers/ and add one explanatory sentence where needed.,nip-07-signers,P2
crays-super-node,signer,term-to-page internal link map,first natural mention in body copy,Link the first meaningful mention of signer to /nostr/nip-07-signers/ and add one explanatory sentence where needed.,nip-07-signers,P2
operators-venues,signer,term-to-page internal link map,first natural mention in body copy,Link the first meaningful mention of signer to /nostr/nip-07-signers/ and add one explanatory sentence where needed.,nip-07-signers,P2
dao-governance,signer,term-to-page internal link map,first natural mention in body copy,Link the first meaningful mention of signer to /nostr/nip-07-signers/ and add one explanatory sentence where needed.,nip-07-signers,P2
people,event,term-to-page internal link map,first natural mention in body copy,Link the first meaningful mention of event to /nostr/events-and-kinds/ and add one explanatory sentence where needed.,events-and-kinds,P2
people/enoch-root,event,term-to-page internal link map,first natural mention in body copy,Link the first meaningful mention of event to /nostr/events-and-kinds/ and add one explanatory sentence where needed.,events-and-kinds,P2
source-inventory,signer,term-to-page internal link map,first natural mention in body copy,Link the first meaningful mention of signer to /nostr/nip-07-signers/ and add one explanatory sentence where needed.,nip-07-signers,P2
source-inventory/nostr-com,signer,term-to-page internal link map,first natural mention in body copy,Link the first meaningful mention of signer to /nostr/nip-07-signers/ and add one explanatory sentence where needed.,nip-07-signers,P2
source-inventory/nostr-net,signer,term-to-page internal link map,first natural mention in body copy,Link the first meaningful mention of signer to /nostr/nip-07-signers/ and add one explanatory sentence where needed.,nip-07-signers,P2
source-inventory/nostr-org,signer,term-to-page internal link map,first natural mention in body copy,Link the first meaningful mention of signer to /nostr/nip-07-signers/ and add one explanatory sentence where needed.,nip-07-signers,P2
source-inventory/nostrlogin-org,signer,term-to-page internal link map,first natural mention in body copy,Link the first meaningful mention of signer to /nostr/nip-07-signers/ and add one explanatory sentence where needed.,nip-07-signers,P2
nips/nip-11,zap,term-to-page internal link map,first natural mention in body copy,Link the first meaningful mention of zap to /nostr/nip-57-zaps-lightning/ and add one explanatory sentence where needed.,nip-57-zaps-lightning,P1
nips/nip-50,zap,term-to-page internal link map,first natural mention in body copy,Link the first meaningful mention of zap to /nostr/nip-57-zaps-lightning/ and add one explanatory sentence where needed.,nip-57-zaps-lightning,P1
nips/nip-66,zap,term-to-page internal link map,first natural mention in body copy,Link the first meaningful mention of zap to /nostr/nip-57-zaps-lightning/ and add one explanatory sentence where needed.,nip-57-zaps-lightning,P1
awesome-nostr/most-popular,signer,term-to-page internal link map,first natural mention in body copy,Link the first meaningful mention of signer to /nostr/nip-07-signers/ and add one explanatory sentence where needed.,nip-07-signers,P2
awesome-nostr/clients,event,term-to-page internal link map,first natural mention in body copy,Link the first meaningful mention of event to /nostr/events-and-kinds/ and add one explanatory sentence where needed.,events-and-kinds,P2
awesome-nostr/cache-services,signer,term-to-page internal link map,first natural mention in body copy,Link the first meaningful mention of signer to /nostr/nip-07-signers/ and add one explanatory sentence where needed.,nip-07-signers,P2
awesome-nostr/stats,signer,term-to-page internal link map,first natural mention in body copy,Link the first meaningful mention of signer to /nostr/nip-07-signers/ and add one explanatory sentence where needed.,nip-07-signers,P2
awesome-nostr/databases,signer,term-to-page internal link map,first natural mention in body copy,Link the first meaningful mention of signer to /nostr/nip-07-signers/ and add one explanatory sentence where needed.,nip-07-signers,P2
awesome-nostr/peer-to-peer-markets,signer,term-to-page internal link map,first natural mention in body copy,Link the first meaningful mention of signer to /nostr/nip-07-signers/ and add one explanatory sentence where needed.,nip-07-signers,P2
awesome-nostr/nip-47-nostr-wallet-connect-nwc-implementations,event,term-to-page internal link map,first natural mention in body copy,Link the first meaningful mention of event to /nostr/events-and-kinds/ and add one explanatory sentence where needed.,events-and-kinds,P1
awesome-nostr/nip-90-data-vending-machines,event,term-to-page internal link map,first natural mention in body copy,Link the first meaningful mention of event to /nostr/events-and-kinds/ and add one explanatory sentence where needed.,events-and-kinds,P2
awesome-nostr/nostr-web-services-nws,signer,term-to-page internal link map,first natural mention in body copy,Link the first meaningful mention of signer to /nostr/nip-07-signers/ and add one explanatory sentence where needed.,nip-07-signers,P2
awesome-nostr/blossom,signer,term-to-page internal link map,first natural mention in body copy,Link the first meaningful mention of signer to /nostr/nip-07-signers/ and add one explanatory sentence where needed.,nip-07-signers,P2
awesome-nostr/games-on-nostr,signer,term-to-page internal link map,first natural mention in body copy,Link the first meaningful mention of signer to /nostr/nip-07-signers/ and add one explanatory sentence where needed.,nip-07-signers,P2
awesome-nostr/communities,signer,term-to-page internal link map,first natural mention in body copy,Link the first meaningful mention of signer to /nostr/nip-07-signers/ and add one explanatory sentence where needed.,nip-07-signers,P2
awesome-nostr/recommended-reading-watching,signer,term-to-page internal link map,first natural mention in body copy,Link the first meaningful mention of signer to /nostr/nip-07-signers/ and add one explanatory sentence where needed.,nip-07-signers,P2
awesome-nostr/podcasts,signer,term-to-page internal link map,first natural mention in body copy,Link the first meaningful mention of signer to /nostr/nip-07-signers/ and add one explanatory sentence where needed.,nip-07-signers,P2
awesome-nostr/funding,signer,term-to-page internal link map,first natural mention in body copy,Link the first meaningful mention of signer to /nostr/nip-07-signers/ and add one explanatory sentence where needed.,nip-07-signers,P2
awesome-nostr/related-resources,signer,term-to-page internal link map,first natural mention in body copy,Link the first meaningful mention of signer to /nostr/nip-07-signers/ and add one explanatory sentence where needed.,nip-07-signers,P2
awesome-nostr/contributing,signer,term-to-page internal link map,first natural mention in body copy,Link the first meaningful mention of signer to /nostr/nip-07-signers/ and add one explanatory sentence where needed.,nip-07-signers,P2
reading-paths/creator,signer,term-to-page internal link map,first natural mention in body copy,Link the first meaningful mention of signer to /nostr/nip-07-signers/ and add one explanatory sentence where needed.,nip-07-signers,P1
reading-paths/culture,signer,term-to-page internal link map,first natural mention in body copy,Link the first meaningful mention of signer to /nostr/nip-07-signers/ and add one explanatory sentence where needed.,nip-07-signers,P1
source-inventory/deep-research/relays/nostr-watch-nostr-watch-fd956c29,signer,term-to-page internal link map,first natural mention in body copy,Link the first meaningful mention of signer to /nostr/nip-07-signers/ and add one explanatory sentence where needed.,nip-07-signers,P2
source-inventory/deep-research/reads/nostr-com-nostr-com-f03f54fd,signer,term-to-page internal link map,first natural mention in body copy,Link the first meaningful mention of signer to /nostr/nip-07-signers/ and add one explanatory sentence where needed.,nip-07-signers,P2
source-inventory/deep-research/core/nostr-org-nostr-org-5b852dd1,signer,term-to-page internal link map,first natural mention in body copy,Link the first meaningful mention of signer to /nostr/nip-07-signers/ and add one explanatory sentence where needed.,nip-07-signers,P2
source-inventory/deep-research/core/github-com-registry-of-kinds-35c48b82,signer,term-to-page internal link map,first natural mention in body copy,Link the first meaningful mention of signer to /nostr/nip-07-signers/ and add one explanatory sentence where needed.,nip-07-signers,P2
source-inventory/deep-research/relays/sr-ht-nostr-rs-relay-8395309f,signer,term-to-page internal link map,first natural mention in body copy,Link the first meaningful mention of signer to /nostr/nip-07-signers/ and add one explanatory sentence where needed.,nip-07-signers,P2
source-inventory/deep-research/relays/github-com-strfry-41435a63,signer,term-to-page internal link map,first natural mention in body copy,Link the first meaningful mention of signer to /nostr/nip-07-signers/ and add one explanatory sentence where needed.,nip-07-signers,P2
source-inventory/deep-research/core/nostr-band-nostr-band-602914e9,signer,term-to-page internal link map,first natural mention in body copy,Link the first meaningful mention of signer to /nostr/nip-07-signers/ and add one explanatory sentence where needed.,nip-07-signers,P2
source-inventory/deep-research/core/nostr-how-nostr-how-80abf48d,signer,term-to-page internal link map,first natural mention in body copy,Link the first meaningful mention of signer to /nostr/nip-07-signers/ and add one explanatory sentence where needed.,nip-07-signers,P2
source-inventory/deep-research/core/nostr-how-nostr-how-protocol-99a4cf3d,signer,term-to-page internal link map,first natural mention in body copy,Link the first meaningful mention of signer to /nostr/nip-07-signers/ and add one explanatory sentence where needed.,nip-07-signers,P2
source-inventory/deep-research/relays/nostr-how-nostr-how-relays-aa1ea78e,signer,term-to-page internal link map,first natural mention in body copy,Link the first meaningful mention of signer to /nostr/nip-07-signers/ and add one explanatory sentence where needed.,nip-07-signers,P2
source-inventory/deep-research/core/nostr-how-nostr-how-what-is-nostr-694c3185,signer,term-to-page internal link map,first natural mention in body copy,Link the first meaningful mention of signer to /nostr/nip-07-signers/ and add one explanatory sentence where needed.,nip-07-signers,P2
source-inventory/deep-research/relays/github-com-blossom-github-cbcb2935,signer,term-to-page internal link map,first natural mention in body copy,Link the first meaningful mention of signer to /nostr/nip-07-signers/ and add one explanatory sentence where needed.,nip-07-signers,P2
source-inventory/deep-research/relays/github-com-khatru-36b970b4,signer,term-to-page internal link map,first natural mention in body copy,Link the first meaningful mention of signer to /nostr/nip-07-signers/ and add one explanatory sentence where needed.,nip-07-signers,P2
source-inventory/deep-research/relays/nostr-wine-nostr-wine-a7f7309b,signer,term-to-page internal link map,first natural mention in body copy,Link the first meaningful mention of signer to /nostr/nip-07-signers/ and add one explanatory sentence where needed.,nip-07-signers,P2
source-inventory/deep-research/relays/github-com-nostream-b3e3803e,signer,term-to-page internal link map,first natural mention in body copy,Link the first meaningful mention of signer to /nostr/nip-07-signers/ and add one explanatory sentence where needed.,nip-07-signers,P2
source-inventory/deep-research/relays/relay-nostr-net-relay-nostr-net-info-b9609149,signer,term-to-page internal link map,first natural mention in body copy,Link the first meaningful mention of signer to /nostr/nip-07-signers/ and add one explanatory sentence where needed.,nip-07-signers,P2
source-inventory/deep-research/relays/github-com-sesseor-nostr-relays-list-8f8578ae,signer,term-to-page internal link map,first natural mention in body copy,Link the first meaningful mention of signer to /nostr/nip-07-signers/ and add one explanatory sentence where needed.,nip-07-signers,P2
source-inventory/deep-research/reads/arxiv-org-an-empirical-analysis-of-the-nostr-social-network-3dcc6d3a,signer,term-to-page internal link map,first natural mention in body copy,Link the first meaningful mention of signer to /nostr/nip-07-signers/ and add one explanatory sentence where needed.,nip-07-signers,P2
source-inventory/deep-research/reads/nostrcompass-org-nostr-compass-cef5c45e,signer,term-to-page internal link map,first natural mention in body copy,Link the first meaningful mention of signer to /nostr/nip-07-signers/ and add one explanatory sentence where needed.,nip-07-signers,P2
source-inventory/deep-research/core/nostr-net-awesome-nostr-resources-26f43ec5,signer,term-to-page internal link map,first natural mention in body copy,Link the first meaningful mention of signer to /nostr/nip-07-signers/ and add one explanatory sentence where needed.,nip-07-signers,P2
source-inventory/deep-research/core/nostrdesign-org-nostr-design-31345224,signer,term-to-page internal link map,first natural mention in body copy,Link the first meaningful mention of signer to /nostr/nip-07-signers/ and add one explanatory sentence where needed.,nip-07-signers,P2
source-inventory/deep-research/core/my-nostr-com-my-nostr-com-c1036c5d,signer,term-to-page internal link map,first natural mention in body copy,Link the first meaningful mention of signer to /nostr/nip-07-signers/ and add one explanatory sentence where needed.,nip-07-signers,P2
source-inventory/deep-research/core/start-nostr-net-start-nostr-net-7744f39e,signer,term-to-page internal link map,first natural mention in body copy,Link the first meaningful mention of signer to /nostr/nip-07-signers/ and add one explanatory sentence where needed.,nip-07-signers,P2
source-inventory/deep-research/relays/myrelay-page-myrelay-page-ff1c85b8,signer,term-to-page internal link map,first natural mention in body copy,Link the first meaningful mention of signer to /nostr/nip-07-signers/ and add one explanatory sentence where needed.,nip-07-signers,P2
source-inventory/deep-research/relays/nostrapps-com-citrine-cd7c6765,signer,term-to-page internal link map,first natural mention in body copy,Link the first meaningful mention of signer to /nostr/nip-07-signers/ and add one explanatory sentence where needed.,nip-07-signers,P2
source-inventory/deep-research/relays/nostrapps-com-nostr-relay-tray-d5766179,signer,term-to-page internal link map,first natural mention in body copy,Link the first meaningful mention of signer to /nostr/nip-07-signers/ and add one explanatory sentence where needed.,nip-07-signers,P2
source-inventory/deep-research/relays/nostr-com-relay-setup-101-nostr-com-ea399408,signer,term-to-page internal link map,first natural mention in body copy,Link the first meaningful mention of signer to /nostr/nip-07-signers/ and add one explanatory sentence where needed.,nip-07-signers,P2
source-inventory/deep-research/relays/github-com-bitvora-wot-relay-1f19fbc3,signer,term-to-page internal link map,first natural mention in body copy,Link the first meaningful mention of signer to /nostr/nip-07-signers/ and add one explanatory sentence where needed.,nip-07-signers,P2
source-inventory/deep-research/relays/github-com-grain-3d031a52,signer,term-to-page internal link map,first natural mention in body copy,Link the first meaningful mention of signer to /nostr/nip-07-signers/ and add one explanatory sentence where needed.,nip-07-signers,P2
source-inventory/deep-research/relays/github-com-nostr-wine-filter-relay-c62d9d7a,signer,term-to-page internal link map,first natural mention in body copy,Link the first meaningful mention of signer to /nostr/nip-07-signers/ and add one explanatory sentence where needed.,nip-07-signers,P2
source-inventory/deep-research/relays/npmjs-com-route66-npm-1478be26,signer,term-to-page internal link map,first natural mention in body copy,Link the first meaningful mention of signer to /nostr/nip-07-signers/ and add one explanatory sentence where needed.,nip-07-signers,P2
source-inventory/deep-research/relays/raw-githubusercontent-com-sesseor-raw-relay-list-2944c991,signer,term-to-page internal link map,first natural mention in body copy,Link the first meaningful mention of signer to /nostr/nip-07-signers/ and add one explanatory sentence where needed.,nip-07-signers,P2
source-inventory/deep-research/reads/podcast-nostrcompass-org-nostr-compass-podcast-42981d77,signer,term-to-page internal link map,first natural mention in body copy,Link the first meaningful mention of signer to /nostr/nip-07-signers/ and add one explanatory sentence where needed.,nip-07-signers,P2
source-inventory/deep-research/reads/nostrdesign-org-nostr-design-docs-d82325af,signer,term-to-page internal link map,first natural mention in body copy,Link the first meaningful mention of signer to /nostr/nip-07-signers/ and add one explanatory sentence where needed.,nip-07-signers,P2
source-inventory/deep-research/reads/nostr-com-nostr-com-explore-c6055bdf,signer,term-to-page internal link map,first natural mention in body copy,Link the first meaningful mention of signer to /nostr/nip-07-signers/ and add one explanatory sentence where needed.,nip-07-signers,P2
source-inventory/deep-research/reads/nostr-com-nostr-com-indexed-primal-reads-note-06f4100f,signer,term-to-page internal link map,first natural mention in body copy,Link the first meaningful mention of signer to /nostr/nip-07-signers/ and add one explanatory sentence where needed.,nip-07-signers,P2
source-inventory/deep-research/reads/reddit-com-reddit-r-nostr-abecebca,signer,term-to-page internal link map,first natural mention in body copy,Link the first meaningful mention of signer to /nostr/nip-07-signers/ and add one explanatory sentence where needed.,nip-07-signers,P2
source-inventory/deep-research/reads/soapbox-pub-soapbox-nostr-101-713c840f,signer,term-to-page internal link map,first natural mention in body copy,Link the first meaningful mention of signer to /nostr/nip-07-signers/ and add one explanatory sentence where needed.,nip-07-signers,P2
source-inventory/deep-research/reads/nostrbook-dev-the-nostr-book-475892ec,signer,term-to-page internal link map,first natural mention in body copy,Link the first meaningful mention of signer to /nostr/nip-07-signers/ and add one explanatory sentence where needed.,nip-07-signers,P2
source-inventory/deep-research/reads/en-wikipedia-org-wikipedia-nostr-bca5a0f7,signer,term-to-page internal link map,first natural mention in body copy,Link the first meaningful mention of signer to /nostr/nip-07-signers/ and add one explanatory sentence where needed.,nip-07-signers,P2
source-inventory/deep-research/core,signer,term-to-page internal link map,first natural mention in body copy,Link the first meaningful mention of signer to /nostr/nip-07-signers/ and add one explanatory sentence where needed.,nip-07-signers,P2
source-inventory/deep-research/relays,signer,term-to-page internal link map,first natural mention in body copy,Link the first meaningful mention of signer to /nostr/nip-07-signers/ and add one explanatory sentence where needed.,nip-07-signers,P2
source-inventory/deep-research/dev,signer,term-to-page internal link map,first natural mention in body copy,Link the first meaningful mention of signer to /nostr/nip-07-signers/ and add one explanatory sentence where needed.,nip-07-signers,P2
source-inventory/deep-research/reads,signer,term-to-page internal link map,first natural mention in body copy,Link the first meaningful mention of signer to /nostr/nip-07-signers/ and add one explanatory sentence where needed.,nip-07-signers,P2
source-inventory/deep-research/security,signer,term-to-page internal link map,first natural mention in body copy,Link the first meaningful mention of signer to /nostr/nip-07-signers/ and add one explanatory sentence where needed.,nip-07-signers,P2
source-inventory/deep-research-database,signer,term-to-page internal link map,first natural mention in body copy,Link the first meaningful mention of signer to /nostr/nip-07-signers/ and add one explanatory sentence where needed.,nip-07-signers,P2
apps/research/zap-stream,signer,term-to-page internal link map,first natural mention in body copy,Link the first meaningful mention of signer to /nostr/nip-07-signers/ and add one explanatory sentence where needed.,nip-07-signers,P1
apps/research/zapstore,signer,term-to-page internal link map,first natural mention in body copy,Link the first meaningful mention of signer to /nostr/nip-07-signers/ and add one explanatory sentence where needed.,nip-07-signers,P1
apps/research/badges-page,signer,term-to-page internal link map,first natural mention in body copy,Link the first meaningful mention of signer to /nostr/nip-07-signers/ and add one explanatory sentence where needed.,nip-07-signers,P2
apps/research/nostrapps-category-blogging,signer,term-to-page internal link map,first natural mention in body copy,Link the first meaningful mention of signer to /nostr/nip-07-signers/ and add one explanatory sentence where needed.,nip-07-signers,P2
apps/research/nostrapps-category-marketplaces,signer,term-to-page internal link map,first natural mention in body copy,Link the first meaningful mention of signer to /nostr/nip-07-signers/ and add one explanatory sentence where needed.,nip-07-signers,P2
apps/research/nostrapps-category-microblogging-clients,signer,term-to-page internal link map,first natural mention in body copy,Link the first meaningful mention of signer to /nostr/nip-07-signers/ and add one explanatory sentence where needed.,nip-07-signers,P2
apps/research/nostrapps-category-music,signer,term-to-page internal link map,first natural mention in body copy,Link the first meaningful mention of signer to /nostr/nip-07-signers/ and add one explanatory sentence where needed.,nip-07-signers,P2
apps/research/nostrapps-category-photos,signer,term-to-page internal link map,first natural mention in body copy,Link the first meaningful mention of signer to /nostr/nip-07-signers/ and add one explanatory sentence where needed.,nip-07-signers,P2
apps/research/nostrapps-category-streaming,signer,term-to-page internal link map,first natural mention in body copy,Link the first meaningful mention of signer to /nostr/nip-07-signers/ and add one explanatory sentence where needed.,nip-07-signers,P2
apps/research/nostrapps-category-video,signer,term-to-page internal link map,first natural mention in body copy,Link the first meaningful mention of signer to /nostr/nip-07-signers/ and add one explanatory sentence where needed.,nip-07-signers,P2
apps/research/zapplepay,signer,term-to-page internal link map,first natural mention in body copy,Link the first meaningful mention of signer to /nostr/nip-07-signers/ and add one explanatory sentence where needed.,nip-07-signers,P1
relays/research-atlas,signer,term-to-page internal link map,first natural mention in body copy,Link the first meaningful mention of signer to /nostr/nip-07-signers/ and add one explanatory sentence where needed.,nip-07-signers,P1
relays/research/nip-11-relay-information-document,signer,term-to-page internal link map,first natural mention in body copy,Link the first meaningful mention of signer to /nostr/nip-07-signers/ and add one explanatory sentence where needed.,nip-07-signers,P1
relays/research/nip-65-relay-list-metadata,signer,term-to-page internal link map,first natural mention in body copy,Link the first meaningful mention of signer to /nostr/nip-07-signers/ and add one explanatory sentence where needed.,nip-07-signers,P1
relays/research/nip-66-relay-liveness-monitoring,signer,term-to-page internal link map,first natural mention in body copy,Link the first meaningful mention of signer to /nostr/nip-07-signers/ and add one explanatory sentence where needed.,nip-07-signers,P1
relays/research/nostr-watch,signer,term-to-page internal link map,first natural mention in body copy,Link the first meaningful mention of signer to /nostr/nip-07-signers/ and add one explanatory sentence where needed.,nip-07-signers,P1
relays/research/nostr-rs-relay,signer,term-to-page internal link map,first natural mention in body copy,Link the first meaningful mention of signer to /nostr/nip-07-signers/ and add one explanatory sentence where needed.,nip-07-signers,P1
relays/research/relay-information-document,signer,term-to-page internal link map,first natural mention in body copy,Link the first meaningful mention of signer to /nostr/nip-07-signers/ and add one explanatory sentence where needed.,nip-07-signers,P1
relays/research/relay-list-metadata,signer,term-to-page internal link map,first natural mention in body copy,Link the first meaningful mention of signer to /nostr/nip-07-signers/ and add one explanatory sentence where needed.,nip-07-signers,P1
relays/research/relay-liveness-monitoring,signer,term-to-page internal link map,first natural mention in body copy,Link the first meaningful mention of signer to /nostr/nip-07-signers/ and add one explanatory sentence where needed.,nip-07-signers,P1
relays/research/strfry,signer,term-to-page internal link map,first natural mention in body copy,Link the first meaningful mention of signer to /nostr/nip-07-signers/ and add one explanatory sentence where needed.,nip-07-signers,P1
relays/research/authentication-of-clients-to-relays,signer,term-to-page internal link map,first natural mention in body copy,Link the first meaningful mention of signer to /nostr/nip-07-signers/ and add one explanatory sentence where needed.,nip-07-signers,P1
relays/research/counting-results,signer,term-to-page internal link map,first natural mention in body copy,Link the first meaningful mention of signer to /nostr/nip-07-signers/ and add one explanatory sentence where needed.,nip-07-signers,P1
relays/research/ditto-relay,signer,term-to-page internal link map,first natural mention in body copy,Link the first meaningful mention of signer to /nostr/nip-07-signers/ and add one explanatory sentence where needed.,nip-07-signers,P1
relays/research/khatru,signer,term-to-page internal link map,first natural mention in body copy,Link the first meaningful mention of signer to /nostr/nip-07-signers/ and add one explanatory sentence where needed.,nip-07-signers,P1
relays/research/nip-29-relay-based-groups,signer,term-to-page internal link map,first natural mention in body copy,Link the first meaningful mention of signer to /nostr/nip-07-signers/ and add one explanatory sentence where needed.,nip-07-signers,P1
relays/research/nip-42-authentication-of-clients-to-relays,signer,term-to-page internal link map,first natural mention in body copy,Link the first meaningful mention of signer to /nostr/nip-07-signers/ and add one explanatory sentence where needed.,nip-07-signers,P1
relays/research/nip-43-relay-access-metadata-and-requests,signer,term-to-page internal link map,first natural mention in body copy,Link the first meaningful mention of signer to /nostr/nip-07-signers/ and add one explanatory sentence where needed.,nip-07-signers,P1
relays/research/nip-66-nostr-watch-stack,signer,term-to-page internal link map,first natural mention in body copy,Link the first meaningful mention of signer to /nostr/nip-07-signers/ and add one explanatory sentence where needed.,nip-07-signers,P1
relays/research/nip-86-relay-management-api,signer,term-to-page internal link map,first natural mention in body copy,Link the first meaningful mention of signer to /nostr/nip-07-signers/ and add one explanatory sentence where needed.,nip-07-signers,P1
relays/research/nostr-co-uk-relays,signer,term-to-page internal link map,first natural mention in body copy,Link the first meaningful mention of signer to /nostr/nip-07-signers/ and add one explanatory sentence where needed.,nip-07-signers,P1
relays/research/nostr-how-relays,signer,term-to-page internal link map,first natural mention in body copy,Link the first meaningful mention of signer to /nostr/nip-07-signers/ and add one explanatory sentence where needed.,nip-07-signers,P1
relays/research/nostr-wine,signer,term-to-page internal link map,first natural mention in body copy,Link the first meaningful mention of signer to /nostr/nip-07-signers/ and add one explanatory sentence where needed.,nip-07-signers,P1
relays/research/nostream,signer,term-to-page internal link map,first natural mention in body copy,Link the first meaningful mention of signer to /nostr/nip-07-signers/ and add one explanatory sentence where needed.,nip-07-signers,P1
relays/research/relay-access-metadata-and-requests,signer,term-to-page internal link map,first natural mention in body copy,Link the first meaningful mention of signer to /nostr/nip-07-signers/ and add one explanatory sentence where needed.,nip-07-signers,P1
relays/research/relay-management-api,signer,term-to-page internal link map,first natural mention in body copy,Link the first meaningful mention of signer to /nostr/nip-07-signers/ and add one explanatory sentence where needed.,nip-07-signers,P1
relays/research/relay-based-groups,signer,term-to-page internal link map,first natural mention in body copy,Link the first meaningful mention of signer to /nostr/nip-07-signers/ and add one explanatory sentence where needed.,nip-07-signers,P1
relays/research/relay-nostr-net-info,signer,term-to-page internal link map,first natural mention in body copy,Link the first meaningful mention of signer to /nostr/nip-07-signers/ and add one explanatory sentence where needed.,nip-07-signers,P1
relays/research/sesseor-nostr-relays-list,signer,term-to-page internal link map,first natural mention in body copy,Link the first meaningful mention of signer to /nostr/nip-07-signers/ and add one explanatory sentence where needed.,nip-07-signers,P1
relays/research/bitvora-wot-relay,signer,term-to-page internal link map,first natural mention in body copy,Link the first meaningful mention of signer to /nostr/nip-07-signers/ and add one explanatory sentence where needed.,nip-07-signers,P1
relays/research/citrine,signer,term-to-page internal link map,first natural mention in body copy,Link the first meaningful mention of signer to /nostr/nip-07-signers/ and add one explanatory sentence where needed.,nip-07-signers,P1
relays/research/grain,signer,term-to-page internal link map,first natural mention in body copy,Link the first meaningful mention of signer to /nostr/nip-07-signers/ and add one explanatory sentence where needed.,nip-07-signers,P1
relays/research/myrelay-page,signer,term-to-page internal link map,first natural mention in body copy,Link the first meaningful mention of signer to /nostr/nip-07-signers/ and add one explanatory sentence where needed.,nip-07-signers,P1
relays/research/nip-29-groups-relay,signer,term-to-page internal link map,first natural mention in body copy,Link the first meaningful mention of signer to /nostr/nip-07-signers/ and add one explanatory sentence where needed.,nip-07-signers,P1
relays/research/nostr-design-relays,signer,term-to-page internal link map,first natural mention in body copy,Link the first meaningful mention of signer to /nostr/nip-07-signers/ and add one explanatory sentence where needed.,nip-07-signers,P1
relays/research/nostr-relay-tray,signer,term-to-page internal link map,first natural mention in body copy,Link the first meaningful mention of signer to /nostr/nip-07-signers/ and add one explanatory sentence where needed.,nip-07-signers,P1
relays/research/nostr-wine-filter-relay,signer,term-to-page internal link map,first natural mention in body copy,Link the first meaningful mention of signer to /nostr/nip-07-signers/ and add one explanatory sentence where needed.,nip-07-signers,P1
relays/research/nostrify,signer,term-to-page internal link map,first natural mention in body copy,Link the first meaningful mention of signer to /nostr/nip-07-signers/ and add one explanatory sentence where needed.,nip-07-signers,P1
relays/research/relay-setup-101-nostr-com,signer,term-to-page internal link map,first natural mention in body copy,Link the first meaningful mention of signer to /nostr/nip-07-signers/ and add one explanatory sentence where needed.,nip-07-signers,P1
relays/research/route66,signer,term-to-page internal link map,first natural mention in body copy,Link the first meaningful mention of signer to /nostr/nip-07-signers/ and add one explanatory sentence where needed.,nip-07-signers,P1
relays/research/sesseor-raw-relay-list,signer,term-to-page internal link map,first natural mention in body copy,Link the first meaningful mention of signer to /nostr/nip-07-signers/ and add one explanatory sentence where needed.,nip-07-signers,P1
nips/research/lightning-zaps,signer,term-to-page internal link map,first natural mention in body copy,Link the first meaningful mention of signer to /nostr/nip-07-signers/ and add one explanatory sentence where needed.,nip-07-signers,P1
nips/research/nip-23-long-form-content,signer,term-to-page internal link map,first natural mention in body copy,Link the first meaningful mention of signer to /nostr/nip-07-signers/ and add one explanatory sentence where needed.,nip-07-signers,P2
nips/research/nip-47-nostr-wallet-connect,signer,term-to-page internal link map,first natural mention in body copy,Link the first meaningful mention of signer to /nostr/nip-07-signers/ and add one explanatory sentence where needed.,nip-07-signers,P1
nips/research/nip-57-lightning-zaps,signer,term-to-page internal link map,first natural mention in body copy,Link the first meaningful mention of signer to /nostr/nip-07-signers/ and add one explanatory sentence where needed.,nip-07-signers,P1
nips/research/nostr-wallet-connect,signer,term-to-page internal link map,first natural mention in body copy,Link the first meaningful mention of signer to /nostr/nip-07-signers/ and add one explanatory sentence where needed.,nip-07-signers,P1
nips/research/badges,signer,term-to-page internal link map,first natural mention in body copy,Link the first meaningful mention of signer to /nostr/nip-07-signers/ and add one explanatory sentence where needed.,nip-07-signers,P2
nips/research/cashu-wallet,signer,term-to-page internal link map,first natural mention in body copy,Link the first meaningful mention of signer to /nostr/nip-07-signers/ and add one explanatory sentence where needed.,nip-07-signers,P1
nips/research/media-attachments-metadata,signer,term-to-page internal link map,first natural mention in body copy,Link the first meaningful mention of signer to /nostr/nip-07-signers/ and add one explanatory sentence where needed.,nip-07-signers,P2
nips/research/nip-15-nostr-marketplace,signer,term-to-page internal link map,first natural mention in body copy,Link the first meaningful mention of signer to /nostr/nip-07-signers/ and add one explanatory sentence where needed.,nip-07-signers,P2
nips/research/nip-58-badges,signer,term-to-page internal link map,first natural mention in body copy,Link the first meaningful mention of signer to /nostr/nip-07-signers/ and add one explanatory sentence where needed.,nip-07-signers,P2
nips/research/nip-60-cashu-wallet,signer,term-to-page internal link map,first natural mention in body copy,Link the first meaningful mention of signer to /nostr/nip-07-signers/ and add one explanatory sentence where needed.,nip-07-signers,P1
nips/research/nip-61-nutzaps,signer,term-to-page internal link map,first natural mention in body copy,Link the first meaningful mention of signer to /nostr/nip-07-signers/ and add one explanatory sentence where needed.,nip-07-signers,P1
nips/research/nip-71-video-events,signer,term-to-page internal link map,first natural mention in body copy,Link the first meaningful mention of signer to /nostr/nip-07-signers/ and add one explanatory sentence where needed.,nip-07-signers,P2
nips/research/nip-75-zap-goals,signer,term-to-page internal link map,first natural mention in body copy,Link the first meaningful mention of signer to /nostr/nip-07-signers/ and add one explanatory sentence where needed.,nip-07-signers,P1
nips/research/nip-92-media-attachments-metadata,signer,term-to-page internal link map,first natural mention in body copy,Link the first meaningful mention of signer to /nostr/nip-07-signers/ and add one explanatory sentence where needed.,nip-07-signers,P2
nips/research/nostr-marketplace,signer,term-to-page internal link map,first natural mention in body copy,Link the first meaningful mention of signer to /nostr/nip-07-signers/ and add one explanatory sentence where needed.,nip-07-signers,P2
nips/research/nutzaps,signer,term-to-page internal link map,first natural mention in body copy,Link the first meaningful mention of signer to /nostr/nip-07-signers/ and add one explanatory sentence where needed.,nip-07-signers,P1
nips/research/video-events,signer,term-to-page internal link map,first natural mention in body copy,Link the first meaningful mention of signer to /nostr/nip-07-signers/ and add one explanatory sentence where needed.,nip-07-signers,P2
nips/research/zap-goals,signer,term-to-page internal link map,first natural mention in body copy,Link the first meaningful mention of signer to /nostr/nip-07-signers/ and add one explanatory sentence where needed.,nip-07-signers,P1
archive-library/reads-research,signer,term-to-page internal link map,first natural mention in body copy,Link the first meaningful mention of signer to /nostr/nip-07-signers/ and add one explanatory sentence where needed.,nip-07-signers,P2
archive-library/reads-research/habla-news,signer,term-to-page internal link map,first natural mention in body copy,Link the first meaningful mention of signer to /nostr/nip-07-signers/ and add one explanatory sentence where needed.,nip-07-signers,P2
archive-library/reads-research/long-form-content,signer,term-to-page internal link map,first natural mention in body copy,Link the first meaningful mention of signer to /nostr/nip-07-signers/ and add one explanatory sentence where needed.,nip-07-signers,P2
archive-library/reads-research/nostr-com,signer,term-to-page internal link map,first natural mention in body copy,Link the first meaningful mention of signer to /nostr/nip-07-signers/ and add one explanatory sentence where needed.,nip-07-signers,P2
archive-library/reads-research/nostr-com-topics-articles,signer,term-to-page internal link map,first natural mention in body copy,Link the first meaningful mention of signer to /nostr/nip-07-signers/ and add one explanatory sentence where needed.,nip-07-signers,P2
archive-library/reads-research/an-empirical-analysis-of-the-nostr-social-network,signer,term-to-page internal link map,first natural mention in body copy,Link the first meaningful mention of signer to /nostr/nip-07-signers/ and add one explanatory sentence where needed.,nip-07-signers,P2
archive-library/reads-research/highlights,signer,term-to-page internal link map,first natural mention in body copy,Link the first meaningful mention of signer to /nostr/nip-07-signers/ and add one explanatory sentence where needed.,nip-07-signers,P2
archive-library/reads-research/lyn-alden-the-power-of-nostr,signer,term-to-page internal link map,first natural mention in body copy,Link the first meaningful mention of signer to /nostr/nip-07-signers/ and add one explanatory sentence where needed.,nip-07-signers,P2
archive-library/reads-research/no-bullshit-bitcoin-primal-v2-0,signer,term-to-page internal link map,first natural mention in body copy,Link the first meaningful mention of signer to /nostr/nip-07-signers/ and add one explanatory sentence where needed.,nip-07-signers,P2
archive-library/reads-research/nostr-compass,signer,term-to-page internal link map,first natural mention in body copy,Link the first meaningful mention of signer to /nostr/nip-07-signers/ and add one explanatory sentence where needed.,nip-07-signers,P2
archive-library/reads-research/nostrium-read-nostr-com,signer,term-to-page internal link map,first natural mention in body copy,Link the first meaningful mention of signer to /nostr/nip-07-signers/ and add one explanatory sentence where needed.,nip-07-signers,P2
archive-library/reads-research/postr-write-nostr-com,signer,term-to-page internal link map,first natural mention in body copy,Link the first meaningful mention of signer to /nostr/nip-07-signers/ and add one explanatory sentence where needed.,nip-07-signers,P2
archive-library/reads-research/boris,signer,term-to-page internal link map,first natural mention in body copy,Link the first meaningful mention of signer to /nostr/nip-07-signers/ and add one explanatory sentence where needed.,nip-07-signers,P2
archive-library/reads-research/forbes-guide-to-nostr,signer,term-to-page internal link map,first natural mention in body copy,Link the first meaningful mention of signer to /nostr/nip-07-signers/ and add one explanatory sentence where needed.,nip-07-signers,P2
archive-library/reads-research/hacker-news-nostr-discussions,signer,term-to-page internal link map,first natural mention in body copy,Link the first meaningful mention of signer to /nostr/nip-07-signers/ and add one explanatory sentence where needed.,nip-07-signers,P2
archive-library/reads-research/nostr-compass-newsletters,signer,term-to-page internal link map,first natural mention in body copy,Link the first meaningful mention of signer to /nostr/nip-07-signers/ and add one explanatory sentence where needed.,nip-07-signers,P2
archive-library/reads-research/nostr-compass-podcast,signer,term-to-page internal link map,first natural mention in body copy,Link the first meaningful mention of signer to /nostr/nip-07-signers/ and add one explanatory sentence where needed.,nip-07-signers,P2
archive-library/reads-research/nostr-design-docs,signer,term-to-page internal link map,first natural mention in body copy,Link the first meaningful mention of signer to /nostr/nip-07-signers/ and add one explanatory sentence where needed.,nip-07-signers,P2
archive-library/reads-research/nostr-com-explore,signer,term-to-page internal link map,first natural mention in body copy,Link the first meaningful mention of signer to /nostr/nip-07-signers/ and add one explanatory sentence where needed.,nip-07-signers,P2
archive-library/reads-research/nostr-com-indexed-primal-reads-note,signer,term-to-page internal link map,first natural mention in body copy,Link the first meaningful mention of signer to /nostr/nip-07-signers/ and add one explanatory sentence where needed.,nip-07-signers,P2
archive-library/reads-research/reddit-r-nostr,signer,term-to-page internal link map,first natural mention in body copy,Link the first meaningful mention of signer to /nostr/nip-07-signers/ and add one explanatory sentence where needed.,nip-07-signers,P2
archive-library/reads-research/soapbox-nostr-101,signer,term-to-page internal link map,first natural mention in body copy,Link the first meaningful mention of signer to /nostr/nip-07-signers/ and add one explanatory sentence where needed.,nip-07-signers,P2
archive-library/reads-research/the-nostr-book,signer,term-to-page internal link map,first natural mention in body copy,Link the first meaningful mention of signer to /nostr/nip-07-signers/ and add one explanatory sentence where needed.,nip-07-signers,P2
archive-library/reads-research/wikipedia-nostr,signer,term-to-page internal link map,first natural mention in body copy,Link the first meaningful mention of signer to /nostr/nip-07-signers/ and add one explanatory sentence where needed.,nip-07-signers,P2
archive-library/source-map-research,signer,term-to-page internal link map,first natural mention in body copy,Link the first meaningful mention of signer to /nostr/nip-07-signers/ and add one explanatory sentence where needed.,nip-07-signers,P2
archive-library/source-map-research/nostr-org,signer,term-to-page internal link map,first natural mention in body copy,Link the first meaningful mention of signer to /nostr/nip-07-signers/ and add one explanatory sentence where needed.,nip-07-signers,P2
archive-library/source-map-research/registry-of-kinds,signer,term-to-page internal link map,first natural mention in body copy,Link the first meaningful mention of signer to /nostr/nip-07-signers/ and add one explanatory sentence where needed.,nip-07-signers,P2
archive-library/source-map-research/nostr-band,signer,term-to-page internal link map,first natural mention in body copy,Link the first meaningful mention of signer to /nostr/nip-07-signers/ and add one explanatory sentence where needed.,nip-07-signers,P2
archive-library/source-map-research/nostr-how,signer,term-to-page internal link map,first natural mention in body copy,Link the first meaningful mention of signer to /nostr/nip-07-signers/ and add one explanatory sentence where needed.,nip-07-signers,P2
archive-library/source-map-research/nostr-how-protocol,signer,term-to-page internal link map,first natural mention in body copy,Link the first meaningful mention of signer to /nostr/nip-07-signers/ and add one explanatory sentence where needed.,nip-07-signers,P2
archive-library/source-map-research/nostr-how-what-is-nostr,signer,term-to-page internal link map,first natural mention in body copy,Link the first meaningful mention of signer to /nostr/nip-07-signers/ and add one explanatory sentence where needed.,nip-07-signers,P2
archive-library/source-map-research/awesome-nostr-resources,signer,term-to-page internal link map,first natural mention in body copy,Link the first meaningful mention of signer to /nostr/nip-07-signers/ and add one explanatory sentence where needed.,nip-07-signers,P2
archive-library/source-map-research/my-nostr-com,signer,term-to-page internal link map,first natural mention in body copy,Link the first meaningful mention of signer to /nostr/nip-07-signers/ and add one explanatory sentence where needed.,nip-07-signers,P2
archive-library/source-map-research/nostr-book-kinds,signer,term-to-page internal link map,first natural mention in body copy,Link the first meaningful mention of signer to /nostr/nip-07-signers/ and add one explanatory sentence where needed.,nip-07-signers,P2
archive-library/source-map-research/nostr-design,signer,term-to-page internal link map,first natural mention in body copy,Link the first meaningful mention of signer to /nostr/nip-07-signers/ and add one explanatory sentence where needed.,nip-07-signers,P2
archive-library/source-map-research/start-nostr-net,signer,term-to-page internal link map,first natural mention in body copy,Link the first meaningful mention of signer to /nostr/nip-07-signers/ and add one explanatory sentence where needed.,nip-07-signers,P2
